FCIM|E|Ana|Maria|ana.maria@isa.utm.md|2025|9|1|2005|7|12
FCIM|E|Ion|Popescu|ion.popescu@isa.utm.md|2019|9|1|2000|5|12
FCIM|E|Andrei|Vasilescu|andrei.vasilescu@isa.utm.md|2016|9|1|1997|7|20
FCIM|G|Maria|Ionescu|maria.ionescu@isa.utm.md|2020|10|1|2001|3|4
FTA|E|Elena|Radu|elena.radu@isa.utm.md|2021|9|1|2002|8|30
FTA|E|Ioana|Popa|ioana.popa@isa.utm.md|2015|9|1|1996|2|14
FIMIT|E|Mihai|Georgescu|mihai.geogerscu@isa.utm.md|2018|9|1|1999|11|3
FIMIT|E|Stefan|Marin|stefan.marin@isa.utm.md|2014|9|1|1995|1|0
FIMIT|G|Alexandru|Dumitrescu|alexandru.dumitrescu@isa.utm.md|2022|9|1|2003|6|18
